{
  "x": [
    0.03333333333333333,
    0.1,
    0.16666666666666666,
    0.23333333333333334,
    0.3,
    0.36666666666666664,
    0.43333333333333335,
    0.5,
    0.5666666666666667,
    0.6333333333333333,
    0.7,
    0.7666666666666667,
    0.8333333333333334,
    0.9,
    0.9666666666666667
  ],
  "emotional_intensity": [
    0.1694915254237288,
    0.25316455696202533,
    0.18181818181818182,
    1.0,
    0.0,
    0.0,
    0.23809523809523808,
    0.42105263157894735,
    0.0,
    0.6779661016949152,
    0.7692307692307693,
    0.0,
    0.37037037037037035,
    0.0,
    0.0
  ],
  "fear": [
    0.5084745762711864,
    0.25316455696202533,
    0.36363636363636365,
    0.5128205128205128,
    0.0,
    0.2631578947368421,
    0.47619047619047616,
    0.42105263157894735,
    0.0,
    0.3389830508474576,
    0.0,
    0.8695652173913043,
    0.0,
    0.0,
    0.0
  ],
  "authority": [
    0.1694915254237288,
    0.0,
    0.0,
    0.0,
    0.0,
    0.0,
    0.0,
    0.0,
    0.0,
    0.3389830508474576,
    0.19230769230769232,
    0.0,
    0.0,
    0.0,
    0.0
  ],
  "identity": [
    0.5084745762711864,
    1.0,
    0.9090909090909092,
    1.0,
    1.0,
    1.0,
    1.0,
    1.0,
    0.7792207792207793,
    1.0,
    0.9615384615384616,
    1.0,
    0.37037037037037035,
    0.7843137254901961,
    0.0
  ],
  "threat": [
    0.5084745762711864,
    0.25316455696202533,
    0.36363636363636365,
    0.5128205128205128,
    0.0,
    0.2631578947368421,
    0.47619047619047616,
    0.42105263157894735,
    0.0,
    0.3389830508474576,
    0.0,
    0.8695652173913043,
    0.0,
    0.0,
    0.0
  ],
  "escalation_points": [
    3,
    6,
    7,
    9,
    10,
    11
  ]
}